GAME_ID,TEAM_NAME,OFF_RATING,DEF_RATING,NET_RATING,TS_PCT,POSS,PIE
0021200001,Wizards,91.3,101.1,-9.8,0.425,92,0.425
0021200001,Cavaliers,101.1,91.3,9.8,0.53,93,0.575
0021200002,Heat,122.4,110.3,12.1,0.645,98,0.56
0021200002,Celtics,110.3,122.4,-12.1,0.613,97,0.44
0021200003,Lakers,102.2,110.0,-7.8,0.502,89,0.457
0021200003,Mavericks,110.0,102.2,7.8,0.533,90,0.543
0021200004,Raptors,96.7,98.9,-2.2,0.443,91,0.456
0021200004,Pacers,98.9,96.7,2.2,0.529,91,0.544
0021200005,76ers,88.4,79.8,8.6,0.446,95,0.606
0021200005,Nuggets,79.8,88.4,-8.6,0.404,94,0.394
0021200006,Rockets,108.2,100.0,8.2,0.589,97,0.541
0021200006,Pistons,100.0,108.2,-8.2,0.531,96,0.459
0021200007,Kings,89.7,94.9,-5.2,0.478,97,0.375
0021200007,Bulls,94.9,89.7,5.2,0.497,98,0.625
0021200008,Spurs,103.1,97.9,5.2,0.541,96,0.49
0021200008,Hornets,97.9,103.1,-5.2,0.527,97,0.51
0021200009,Jazz,110.8,94.0,16.8,0.526,102,0.658
0021200009,Mavericks,94.0,110.8,-16.8,0.487,100,0.342
0021200010,Suns,91.4,93.5,-2.2,0.474,93,0.51
0021200010,Warriors,93.5,91.4,2.2,0.453,93,0.49
0021200011,Grizzlies,92.0,100.0,-8.0,0.464,100,0.428
0021200011,Clippers,100.0,92.0,8.0,0.582,101,0.572
0021200012,Trail Blazers,120.8,111.6,9.3,0.608,96,0.556
0021200012,Lakers,111.6,120.8,-9.3,0.616,95,0.444
0021200013,Knicks,96.7,104.3,-7.6,0.466,92,0.436
0021200013,Nets,104.3,96.7,7.6,0.483,92,0.564
0021200014,Spurs,93.5,91.3,2.2,0.5,92,0.552
0021200014,Thunder,91.3,93.5,-2.2,0.482,92,0.448
0021200015,Pacers,93.7,96.8,-3.1,0.469,95,0.485
0021200015,Bobcats,96.8,93.7,3.1,0.471,93,0.515
0021200016,Magic,108.5,93.7,14.8,0.543,94,0.591
0021200016,Nuggets,93.7,108.5,-14.8,0.464,95,0.409
0021200017,Bucks,103.1,91.7,11.5,0.542,96,0.571
0021200017,Celtics,91.7,103.1,-11.5,0.529,96,0.429
0021200018,Rockets,109.0,103.0,6.0,0.53,100,0.517
0021200018,Hawks,103.0,109.0,-6.0,0.551,99,0.483
0021200019,Cavaliers,89.6,121.1,-31.5,0.473,96,0.249
0021200019,Bulls,121.1,89.6,31.5,0.7,95,0.751
0021200020,Knicks,114.3,92.3,22.0,0.574,91,0.572
0021200020,Heat,92.3,114.3,-22.0,0.547,91,0.428
0021200021,Jazz,102.4,104.8,-2.4,0.476,84,0.428
0021200021,Hornets,104.8,102.4,2.4,0.505,84,0.572
0021200022,Trail Blazers,95.8,111.6,-15.7,0.462,96,0.358
0021200022,Thunder,111.6,95.8,15.7,0.588,95,0.642
0021200023,Kings,86.0,97.9,-11.9,0.416,93,0.35
0021200023,Timberwolves,97.9,86.0,11.9,0.447,94,0.65
0021200024,Suns,98.9,95.7,3.2,0.469,93,0.549
0021200024,Pistons,95.7,98.9,-3.2,0.452,93,0.451
0021200025,Lakers,101.1,111.7,-10.6,0.591,94,0.45
0021200025,Clippers,111.7,101.1,10.6,0.548,94,0.55
0021200026,Grizzlies,109.5,100.0,9.5,0.565,95,0.588
0021200026,Warriors,100.0,109.5,-9.5,0.537,94,0.412
0021200027,Wizards,92.5,96.7,-4.3,0.503,93,0.492
0021200027,Celtics,96.7,92.5,4.3,0.496,92,0.508
0021200028,Kings,89.9,96.4,-6.5,0.442,109,0.426
0021200028,Pacers,96.4,89.9,6.5,0.478,110,0.574
0021200029,Raptors,102.0,108.1,-6.0,0.538,98,0.459
0021200029,Nets,108.1,102.0,6.0,0.55,99,0.541
0021200030,Heat,121.4,118.4,3.1,0.627,98,0.584
0021200030,Nuggets,118.4,121.4,-3.1,0.559,98,0.416
0021200031,Hornets,97.8,91.1,6.7,0.523,91,0.554
0021200031,Bulls,91.1,97.8,-6.7,0.414,90,0.446
0021200032,Trail Blazers,92.2,82.5,9.7,0.483,103,0.592
0021200032,Rockets,82.5,92.2,-9.7,0.409,103,0.408
0021200033,Bucks,102.9,100.0,2.9,0.595,102,0.582
0021200033,Cavaliers,100.0,102.9,-2.9,0.533,102,0.418
0021200034,Mavericks,127.3,100.0,27.3,0.727,99,0.617
0021200034,Bobcats,100.0,127.3,-27.3,0.487,99,0.383
0021200035,Jazz,106.4,117.0,-10.6,0.577,94,0.42
0021200035,Spurs,117.0,106.4,10.6,0.654,94,0.58
0021200036,Clippers,110.0,112.9,-2.9,0.592,100,0.461
0021200036,Warriors,112.9,110.0,2.9,0.563,101,0.539
0021200037,76ers,91.3,109.9,-18.6,0.504,92,0.381
0021200037,Knicks,109.9,91.3,18.6,0.589,91,0.619
0021200038,Raptors,116.7,96.6,20.0,0.539,90,0.552
0021200038,Timberwolves,96.6,116.7,-20.0,0.554,89,0.448
0021200039,Suns,98.9,119.8,-20.8,0.475,95,0.373
0021200039,Magic,119.8,98.9,20.8,0.573,96,0.627
0021200040,Thunder,104.4,111.8,-7.4,0.589,91,0.478
0021200040,Hawks,111.8,104.4,7.4,0.566,93,0.522
0021200041,Lakers,121.3,88.8,32.6,0.611,89,0.73
0021200041,Pistons,88.8,121.3,-32.6,0.443,89,0.27
0021200042,76ers,95.7,119.6,-23.9,0.452,92,0.354
0021200042,Knicks,119.6,95.7,23.9,0.595,92,0.646
0021200043,Timberwolves,123.0,110.3,12.6,0.566,87,0.583
0021200043,Nets,110.3,123.0,-12.6,0.593,87,0.417
0021200044,Suns,97.1,120.4,-23.3,0.491,102,0.371
0021200044,Heat,120.4,97.1,23.3,0.657,103,0.629
0021200045,Jazz,96.9,106.2,-9.3,0.491,97,0.424
0021200045,Grizzlies,106.2,96.9,9.3,0.505,97,0.576
0021200046,Trail Blazers,101.1,125.3,-24.2,0.451,90,0.308
0021200046,Mavericks,125.3,101.1,24.2,0.681,91,0.692
0021200047,Spurs,113.5,88.8,24.7,0.545,89,0.699
0021200047,Pacers,88.8,113.5,-24.7,0.445,89,0.301
0021200048,Kings,101.1,97.9,3.2,0.516,93,0.471
0021200048,Warriors,97.9,101.1,-3.2,0.509,94,0.529
0021200049,Clippers,103.1,110.2,-7.1,0.623,98,0.509
0021200049,Cavaliers,110.2,103.1,7.1,0.531,98,0.491
0021200050,Magic,101.1,107.6,-6.5,0.497,92,0.411
0021200050,Bulls,107.6,101.1,6.5,0.523,92,0.589
0021200051,Raptors,88.0,108.0,-20.0,0.463,100,0.325
0021200051,Thunder,108.0,88.0,20.0,0.607,100,0.675
0021200052,Pistons,103.2,118.5,-15.3,0.545,94,0.465
0021200052,Nuggets,118.5,103.2,15.3,0.536,92,0.535
0021200053,Suns,120.6,114.6,6.0,0.555,97,0.528
0021200053,Bobcats,114.6,120.6,-6.0,0.556,96,0.472
0021200054,Wizards,91.3,94.3,-3.1,0.479,103,0.421
0021200054,Celtics,94.3,91.3,3.1,0.521,106,0.579
0021200055,Pacers,95.6,100.0,-4.4,0.483,90,0.483
0021200055,Hawks,100.0,95.6,4.4,0.482,89,0.517
0021200056,Heat,115.7,81.1,34.6,0.613,89,0.749
0021200056,Nets,81.1,115.7,-34.6,0.417,90,0.251
0021200057,Bucks,98.9,120.0,-21.1,0.449,91,0.382
0021200057,Grizzlies,120.0,98.9,21.1,0.591,90,0.618
0021200058,76ers,84.6,68.9,15.7,0.447,91,0.558
0021200058,Hornets,68.9,84.6,-15.7,0.408,90,0.442
0021200059,Rockets,89.7,96.9,-7.2,0.462,97,0.428
0021200059,Nuggets,96.9,89.7,7.2,0.51,96,0.572
0021200060,Magic,80.6,96.8,-16.1,0.422,93,0.325
0021200060,Timberwolves,96.8,80.6,16.1,0.525,93,0.675
0021200061,Raptors,110.6,117.2,-6.6,0.549,94,0.483
0021200061,Mavericks,117.2,110.6,6.6,0.548,93,0.517
0021200062,Jazz,100.0,91.5,8.5,0.522,95,0.583
0021200062,Lakers,91.5,100.0,-8.5,0.456,94,0.417
0021200063,Kings,114.1,112.0,2.2,0.567,92,0.505
0021200063,Pistons,112.0,114.1,-2.2,0.594,92,0.495
0021200064,Spurs,89.4,112.8,-23.4,0.503,94,0.336
0021200064,Clippers,112.8,89.4,23.4,0.609,94,0.664
0021200065,Warriors,109.3,99.0,10.3,0.601,97,0.651
0021200065,Cavaliers,99.0,109.3,-10.3,0.504,97,0.349
0021200066,Thunder,100.0,92.9,7.1,0.59,97,0.58
0021200066,Bulls,92.9,100.0,-7.1,0.495,98,0.42
0021200067,Trail Blazers,102.3,114.4,-12.2,0.51,88,0.385
0021200067,Clippers,114.4,102.3,12.2,0.585,90,0.615
0021200068,Wizards,92.9,103.1,-10.2,0.519,98,0.442
0021200068,Bucks,103.1,92.9,10.2,0.585,98,0.558
0021200069,Magic,78.2,124.4,-46.3,0.462,87,0.276
0021200069,Nets,124.4,78.2,46.3,0.575,86,0.724
0021200070,76ers,110.4,105.3,5.2,0.575,96,0.534
0021200070,Celtics,105.3,110.4,-5.2,0.558,95,0.466
0021200071,Knicks,107.2,96.9,10.3,0.516,97,0.564
0021200071,Mavericks,96.9,107.2,-10.3,0.516,97,0.436
0021200072,Heat,106.7,101.1,5.6,0.572,89,0.541
0021200072,Hawks,101.1,106.7,-5.6,0.505,88,0.459
0021200073,Grizzlies,104.5,95.5,9.0,0.447,89,0.515
0021200073,Rockets,95.5,104.5,-9.0,0.515,89,0.485
0021200074,Hornets,121.6,113.8,7.8,0.58,88,0.561
0021200074,Bobcats,113.8,121.6,-7.8,0.544,87,0.439
0021200075,Thunder,114.1,100.0,14.1,0.637,92,0.563
0021200075,Pistons,100.0,114.1,-14.1,0.486,94,0.438
0021200076,Timberwolves,106.7,102.2,4.5,0.583,90,0.562
0021200076,Pacers,102.2,106.7,-4.5,0.514,92,0.438
0021200077,Suns,108.1,104.0,4.1,0.56,99,0.533
0021200077,Cavaliers,104.0,108.1,-4.1,0.591,101,0.467
0021200078,Spurs,102.1,90.5,11.6,0.581,95,0.639
0021200078,Kings,90.5,102.1,-11.6,0.42,95,0.361
0021200079,Jazz,84.8,104.0,-19.2,0.434,99,0.33
0021200079,Nuggets,104.0,84.8,19.2,0.505,100,0.67
0021200080,Lakers,101.0,77.8,23.2,0.494,100,0.777
0021200080,Warriors,77.8,101.0,-23.2,0.406,99,0.223
0021200081,Raptors,93.3,103.3,-10.1,0.482,89,0.387
0021200081,76ers,103.3,93.3,10.1,0.554,90,0.613
0021200082,Wizards,96.6,102.3,-5.7,0.518,88,0.52
0021200082,Pacers,102.3,96.6,5.7,0.491,87,0.48
0021200083,Mavericks,95.1,98.1,-3.0,0.526,102,0.525
0021200083,Bobcats,98.1,95.1,3.0,0.471,103,0.475
0021200084,Timberwolves,93.0,101.2,-8.1,0.437,86,0.438
0021200084,Bulls,101.2,93.0,8.1,0.5,86,0.562
0021200085,Rockets,101.1,86.3,14.7,0.514,95,0.563
0021200085,Pistons,86.3,101.1,-14.7,0.471,95,0.437
0021200086,Bucks,98.9,102.1,-3.2,0.463,93,0.445
0021200086,Celtics,102.1,98.9,3.2,0.552,94,0.555
0021200087,Jazz,101.1,88.0,13.0,0.531,93,0.64
0021200087,Suns,88.0,101.1,-13.0,0.429,92,0.36
0021200088,Spurs,114.3,110.1,4.2,0.67,98,0.524
0021200088,Trail Blazers,110.1,114.3,-4.2,0.56,99,0.476
0021200089,Warriors,91.0,95.5,-4.5,0.45,111,0.456
0021200089,Nuggets,95.5,91.0,4.5,0.428,112,0.544
0021200090,Magic,82.2,89.1,-6.9,0.403,90,0.401
0021200090,Nets,89.1,82.2,6.9,0.461,92,0.599
0021200091,Clippers,97.8,84.4,13.4,0.52,91,0.589
0021200091,Hawks,84.4,97.8,-13.4,0.481,90,0.411
0021200092,Heat,92.5,111.8,-19.4,0.453,93,0.389
0021200092,Grizzlies,111.8,92.5,19.4,0.559,93,0.611
0021200093,Thunder,107.1,93.8,13.3,0.641,99,0.613
0021200093,Cavaliers,93.8,107.1,-13.3,0.489,97,0.388
0021200094,Kings,97.8,110.8,-12.9,0.468,92,0.393
0021200094,Lakers,110.8,97.8,12.9,0.547,93,0.607
0021200095,Jazz,118.6,112.7,5.9,0.625,118,0.537
0021200095,Raptors,112.7,118.6,-5.9,0.549,118,0.463
0021200096,76ers,94.1,101.9,-7.8,0.522,102,0.438
0021200096,Bucks,101.9,94.1,7.8,0.597,103,0.563
0021200097,Thunder,103.4,101.1,2.2,0.503,89,0.549
0021200097,Pistons,101.1,103.4,-2.2,0.474,89,0.451
0021200098,Bulls,103.3,111.0,-7.7,0.542,92,0.462
0021200098,Celtics,111.0,103.3,7.7,0.574,91,0.538
0021200099,Heat,118.9,117.0,1.9,0.578,95,0.503
0021200099,Rockets,117.0,118.9,-1.9,0.582,94,0.497
0021200100,Timberwolves,98.9,90.1,8.8,0.569,91,0.625
0021200100,Mavericks,90.1,98.9,-8.8,0.451,91,0.375
0021200101,Suns,119.6,108.7,10.9,0.533,92,0.516
0021200101,Nuggets,108.7,119.6,-10.9,0.596,92,0.484
0021200102,Trail Blazers,89.7,97.9,-8.2,0.461,97,0.423
0021200102,Hawks,97.9,89.7,8.2,0.536,97,0.577
0021200103,Wizards,80.9,96.8,-16.0,0.387,94,0.301
0021200103,Bobcats,96.8,80.9,16.0,0.5,95,0.699
0021200104,Magic,98.9,108.8,-9.9,0.54,90,0.516
0021200104,Knicks,108.8,98.9,9.9,0.557,91,0.484
0021200105,Raptors,87.1,84.7,2.4,0.46,85,0.46
0021200105,Pacers,84.7,87.1,-2.4,0.419,85,0.54
0021200106,Cavaliers,108.6,123.9,-15.3,0.513,93,0.371
0021200106,Nets,123.9,108.6,15.3,0.629,92,0.629
0021200107,Kings,97.7,117.0,-19.3,0.504,88,0.388
0021200107,Trail Blazers,117.0,97.7,19.3,0.631,88,0.613
0021200108,Spurs,94.4,93.2,1.2,0.443,89,0.504
0021200108,Lakers,93.2,94.4,-1.2,0.49,88,0.496
0021200109,76ers,84.4,104.4,-20.0,0.387,90,0.316
0021200109,Pistons,104.4,84.4,20.0,0.542,90,0.684
0021200110,Jazz,103.3,108.9,-5.6,0.493,90,0.416
0021200110,Celtics,108.9,103.3,5.6,0.578,90,0.584
0021200111,Bucks,104.2,90.4,13.8,0.485,95,0.623
0021200111,Pacers,90.4,104.2,-13.8,0.454,94,0.377
0021200112,Hornets,105.5,108.7,-3.2,0.515,91,0.48
0021200112,Rockets,108.7,105.5,3.2,0.558,92,0.52
0021200113,Thunder,106.6,117.6,-11.0,0.581,91,0.501
0021200113,Grizzlies,117.6,106.6,11.0,0.54,91,0.499
0021200114,Timberwolves,90.6,94.7,-4.1,0.447,96,0.502
0021200114,Bobcats,94.7,90.6,4.1,0.494,94,0.498
0021200115,Wizards,113.5,118.9,-5.4,0.588,89,0.461
0021200115,Mavericks,118.9,113.5,5.4,0.578,90,0.539
0021200116,Suns,102.9,109.8,-6.9,0.471,103,0.411
0021200116,Bulls,109.8,102.9,6.9,0.566,102,0.589
0021200117,Heat,105.3,112.6,-7.4,0.557,95,0.442
0021200117,Clippers,112.6,105.3,7.4,0.622,95,0.558
0021200118,Warriors,98.9,93.6,5.3,0.561,93,0.517
0021200118,Hawks,93.6,98.9,-5.3,0.512,94,0.483
0021200119,Celtics,109.0,114.6,-5.6,0.564,89,0.479
0021200119,Nets,114.6,109.0,5.6,0.524,89,0.521
0021200120,Spurs,107.5,110.6,-3.1,0.52,93,0.494
0021200120,Knicks,110.6,107.5,3.1,0.541,94,0.506
0021200121,Heat,114.0,109.4,4.5,0.583,86,0.567
0021200121,Nuggets,109.4,114.0,-4.5,0.483,85,0.433
0021200122,Jazz,104.5,110.0,-5.5,0.523,89,0.5
0021200122,76ers,110.0,104.5,5.5,0.542,90,0.5
0021200123,Magic,113.4,110.4,3.0,0.57,97,0.535
0021200123,Pistons,110.4,113.4,-3.0,0.584,96,0.465
0021200124,Pacers,109.6,87.4,22.2,0.533,94,0.648
0021200124,Mavericks,87.4,109.6,-22.2,0.451,95,0.352
0021200125,Thunder,125.0,110.5,14.5,0.664,88,0.585
0021200125,Hornets,110.5,125.0,-14.5,0.526,86,0.415
0021200126,Timberwolves,105.4,115.2,-9.8,0.534,93,0.466
0021200126,Warriors,115.2,105.4,9.8,0.55,92,0.534
0021200127,Knicks,110.5,120.7,-10.2,0.585,86,0.49
0021200127,Grizzlies,120.7,110.5,10.2,0.583,87,0.51
0021200128,Kings,104.3,120.4,-16.1,0.527,92,0.407
0021200128,Hawks,120.4,104.3,16.1,0.637,93,0.593
0021200129,Trail Blazers,116.7,113.6,3.1,0.602,102,0.496
0021200129,Rockets,113.6,116.7,-3.1,0.576,103,0.504
0021200130,Suns,108.5,120.0,-11.5,0.517,94,0.415
0021200130,Lakers,120.0,108.5,11.5,0.563,95,0.585
0021200131,Raptors,102.3,123.0,-20.7,0.532,87,0.357
0021200131,Celtics,123.0,102.3,20.7,0.634,87,0.643
0021200132,Clippers,112.2,88.9,23.3,0.573,90,0.686
0021200132,Bulls,88.9,112.2,-23.3,0.405,90,0.314
0021200133,Wizards,87.4,94.3,-7.0,0.421,87,0.432
0021200133,Jazz,94.3,87.4,7.0,0.442,88,0.568
0021200134,Grizzlies,96.9,90.6,6.3,0.495,97,0.6
0021200134,Bobcats,90.6,96.9,-6.3,0.447,96,0.4
0021200135,Mavericks,110.8,102.2,8.6,0.622,93,0.587
0021200135,Cavaliers,102.2,110.8,-8.6,0.453,93,0.413
0021200136,Hornets,116.5,120.6,-4.1,0.652,97,0.49
0021200136,Bucks,120.6,116.5,4.1,0.565,97,0.51
0021200137,Spurs,127.3,102.0,25.2,0.651,99,0.633
0021200137,Nuggets,102.0,127.3,-25.2,0.559,98,0.367
0021200138,Suns,93.6,102.1,-8.5,0.499,94,0.441
0021200138,Heat,102.1,93.6,8.5,0.611,95,0.559
0021200139,Knicks,98.9,85.4,13.5,0.447,89,0.546
0021200139,Pacers,85.4,98.9,-13.5,0.482,89,0.454
0021200140,Raptors,107.8,93.5,14.3,0.538,90,0.608
0021200140,Magic,93.5,107.8,-14.3,0.482,92,0.392
0021200141,76ers,98.9,92.9,5.9,0.504,87,0.619
0021200141,Cavaliers,92.9,98.9,-5.9,0.436,85,0.381
0021200142,Kings,100.0,111.2,-11.2,0.509,90,0.365
0021200142,Nets,111.2,100.0,11.2,0.576,89,0.635
0021200143,Thunder,124.0,113.5,10.4,0.63,96,0.553
0021200143,Warriors,113.5,124.0,-10.4,0.594,96,0.447
0021200144,Pistons,110.8,90.2,20.5,0.617,93,0.667
0021200144,Celtics,90.2,110.8,-20.5,0.523,92,0.333
0021200145,Trail Blazers,112.1,102.2,9.9,0.581,91,0.481
0021200145,Bulls,102.2,112.1,-9.9,0.567,92,0.519
0021200146,Lakers,119.0,105.9,13.1,0.611,100,0.557
0021200146,Rockets,105.9,119.0,-13.1,0.551,102,0.443
0021200147,Wizards,95.7,103.2,-7.5,0.442,93,0.339
0021200147,Pacers,103.2,95.7,7.5,0.58,93,0.661
0021200148,Bucks,97.0,102.0,-5.0,0.501,101,0.454
0021200148,Bobcats,102.0,97.0,5.0,0.536,100,0.546
0021200149,Magic,74.2,84.4,-10.1,0.408,97,0.454
0021200149,Hawks,84.4,74.2,10.1,0.428,96,0.546
0021200150,Grizzlies,102.2,107.8,-5.6,0.538,90,0.474
0021200150,Nuggets,107.8,102.2,5.6,0.52,90,0.526
0021200151,Warriors,99.1,95.3,3.8,0.504,106,0.481
0021200151,Mavericks,95.3,99.1,-3.8,0.523,106,0.519
0021200152,Spurs,92.6,97.9,-5.3,0.461,94,0.448
0021200152,Clippers,97.9,92.6,5.3,0.493,94,0.552
0021200153,Jazz,103.0,91.0,12.0,0.499,99,0.609
0021200153,Rockets,91.0,103.0,-12.0,0.457,100,0.391
0021200154,Raptors,105.4,114.0,-8.6,0.517,93,0.465
0021200154,76ers,114.0,105.4,8.6,0.568,93,0.535
0021200155,Knicks,115.9,92.0,24.0,0.558,88,0.634
0021200155,Hornets,92.0,115.9,-24.0,0.511,87,0.366
0021200156,Lakers,104.4,98.9,5.5,0.532,91,0.541
0021200156,Nets,98.9,104.4,-5.5,0.493,91,0.459
0021200157,Raptors,106.6,105.4,1.2,0.546,91,0.498
0021200157,Bobcats,105.4,106.6,-1.2,0.498,93,0.502
0021200158,Magic,92.8,77.1,15.7,0.495,97,0.653
0021200158,Pistons,77.1,92.8,-15.7,0.391,96,0.347
0021200159,76ers,94.3,103.4,-9.1,0.434,88,0.481
0021200159,Cavaliers,103.4,94.3,9.1,0.499,89,0.519
0021200160,Hornets,111.5,121.1,-9.6,0.515,96,0.434
0021200160,Pacers,121.1,111.5,9.6,0.551,95,0.566
0021200161,Spurs,116.7,103.1,13.6,0.656,96,0.559
0021200161,Celtics,103.1,116.7,-13.6,0.592,97,0.441
0021200162,Wizards,98.0,98.1,0.0,0.502,102,0.48
0021200162,Hawks,98.1,98.0,0.0,0.499,103,0.52
0021200163,Bucks,101.0,105.6,-4.7,0.464,105,0.407
0021200163,Heat,105.6,101.0,4.7,0.562,107,0.593
0021200164,Thunder,113.6,108.8,4.8,0.608,103,0.549
0021200164,Clippers,108.8,113.6,-4.8,0.516,102,0.451
0021200165,Rockets,93.9,89.0,4.9,0.531,99,0.521
0021200165,Bulls,89.0,93.9,-4.9,0.431,100,0.479
0021200166,Timberwolves,97.9,104.1,-6.2,0.47,96,0.451
0021200166,Nuggets,104.1,97.9,6.2,0.558,97,0.549
0021200167,Knicks,115.6,120.0,-4.4,0.64,96,0.515
0021200167,Mavericks,120.0,115.6,4.4,0.605,95,0.485
0021200168,Trail Blazers,94.6,123.9,-29.3,0.492,92,0.254
0021200168,Suns,123.9,94.6,29.3,0.671,92,0.746
0021200169,Kings,117.7,102.1,15.6,0.623,96,0.618
0021200169,Lakers,102.1,117.7,-15.6,0.59,95,0.382
0021200170,Warriors,121.4,110.7,10.7,0.612,84,0.538
0021200170,Nets,110.7,121.4,-10.7,0.519,84,0.462
0021200171,Bobcats,92.9,104.1,-11.3,0.482,98,0.433
0021200171,Hawks,104.1,92.9,11.3,0.6,97,0.567
0021200172,Magic,117.4,113.0,4.3,0.608,92,0.53
0021200172,Cavaliers,113.0,117.4,-4.3,0.519,92,0.47
0021200173,Thunder,103.1,111.3,-8.2,0.558,97,0.46
0021200173,Celtics,111.3,103.1,8.2,0.596,97,0.54
0021200174,Clippers,88.4,102.4,-14.0,0.465,86,0.438
0021200174,Nets,102.4,88.4,14.0,0.529,84,0.562
0021200175,Raptors,101.1,102.2,-1.1,0.506,89,0.52
0021200175,Pistons,102.2,101.1,1.1,0.509,89,0.48
0021200176,Spurs,110.6,104.3,6.3,0.561,94,0.569
0021200176,Pacers,104.3,110.6,-6.3,0.479,93,0.431
0021200177,Grizzlies,115.2,108.9,6.3,0.601,92,0.604
0021200177,Lakers,108.9,115.2,-6.3,0.579,90,0.396
0021200178,Knicks,102.0,131.0,-29.0,0.559,101,0.37
0021200178,Rockets,131.0,102.0,29.0,0.646,100,0.63
0021200179,Warriors,97.8,112.1,-14.2,0.518,93,0.466
0021200179,Nuggets,112.1,97.8,14.2,0.525,91,0.534
0021200180,Jazz,116.9,113.3,3.5,0.533,89,0.545
0021200180,Kings,113.3,116.9,-3.5,0.586,90,0.455
0021200181,Suns,116.8,112.5,4.3,0.564,95,0.499
0021200181,Hornets,112.5,116.8,-4.3,0.628,96,0.501
0021200182,Trail Blazers,113.2,103.3,9.9,0.599,91,0.544
0021200182,Timberwolves,103.3,113.2,-9.9,0.504,92,0.456
0021200183,76ers,111.2,117.2,-5.9,0.553,98,0.483
0021200183,Thunder,117.2,111.2,5.9,0.556,99,0.517
0021200184,Wizards,99.1,100.9,-1.9,0.481,107,0.491
0021200184,Bobcats,100.9,99.1,1.9,0.546,107,0.509
0021200185,Clippers,97.9,109.5,-11.6,0.541,95,0.452
0021200185,Hawks,109.5,97.9,11.6,0.602,95,0.548
0021200186,Heat,119.6,118.7,0.9,0.645,92,0.553
0021200186,Cavaliers,118.7,119.6,-0.9,0.577,91,0.447
0021200187,Lakers,108.5,84.0,24.5,0.593,106,0.697
0021200187,Mavericks,84.0,108.5,-24.5,0.441,106,0.303
0021200188,Bucks,95.6,104.5,-8.9,0.465,90,0.497
0021200188,Bulls,104.5,95.6,8.9,0.498,89,0.503
0021200189,Jazz,110.2,121.3,-11.1,0.526,88,0.419
0021200189,Kings,121.3,110.2,11.1,0.613,89,0.581
0021200190,Timberwolves,94.4,105.5,-11.1,0.45,90,0.462
0021200190,Warriors,105.5,94.4,11.1,0.529,91,0.538
0021200191,Raptors,94.6,98.2,-3.6,0.44,112,0.442
0021200191,Spurs,98.2,94.6,3.6,0.498,113,0.558
0021200192,Knicks,128.7,106.4,22.3,0.653,94,0.618
0021200192,Pistons,106.4,128.7,-22.3,0.57,94,0.382
0021200193,Trail Blazers,94.4,106.5,-12.1,0.508,90,0.398
0021200193,Nets,106.5,94.4,12.1,0.484,92,0.602
0021200194,Suns,111.0,113.0,-2.1,0.55,91,0.494
0021200194,76ers,113.0,111.0,2.1,0.571,92,0.506
0021200195,Magic,103.8,109.4,-5.7,0.559,106,0.488
0021200195,Celtics,109.4,103.8,5.7,0.512,106,0.512
0021200196,Hornets,93.3,113.3,-20.0,0.448,90,0.347
0021200196,Nuggets,113.3,93.3,20.0,0.605,90,0.653
0021200197,Wizards,98.9,126.9,-28.0,0.472,93,0.341
0021200197,Spurs,126.9,98.9,28.0,0.664,93,0.659
0021200198,Trail Blazers,109.8,116.1,-6.3,0.512,92,0.453
0021200198,Pistons,116.1,109.8,6.3,0.602,93,0.547
0021200199,Bucks,106.9,107.0,-0.1,0.498,87,0.498
0021200199,Bulls,107.0,106.9,0.1,0.521,86,0.502
0021200200,Grizzlies,100.0,92.9,7.1,0.532,84,0.583
0021200200,Cavaliers,92.9,100.0,-7.1,0.472,84,0.417
0021200201,Thunder,122.6,73.4,49.2,0.647,93,0.803
0021200201,Bobcats,73.4,122.6,-49.2,0.389,94,0.197
0021200202,Jazz,122.1,118.4,3.7,0.565,86,0.466
0021200202,Nuggets,118.4,122.1,-3.7,0.591,87,0.534
0021200203,Hornets,120.7,112.6,8.0,0.647,87,0.548
0021200203,Clippers,112.6,120.7,-8.0,0.584,87,0.452
0021200204,76ers,107.5,105.4,2.2,0.561,93,0.484
0021200204,Mavericks,105.4,107.5,-2.2,0.54,93,0.516
0021200205,Suns,95.8,83.0,12.8,0.523,95,0.624
0021200205,Cavaliers,83.0,95.8,-12.8,0.416,94,0.376
0021200206,Raptors,106.3,123.2,-16.8,0.553,95,0.415
0021200206,Rockets,123.2,106.3,16.8,0.634,95,0.585
0021200207,Kings,93.7,102.1,-8.4,0.494,95,0.42
0021200207,Timberwolves,102.1,93.7,8.4,0.533,95,0.58
0021200208,Lakers,81.1,83.2,-2.1,0.406,95,0.429
0021200208,Pacers,83.2,81.1,2.1,0.435,95,0.571
0021200209,Wizards,101.2,96.5,4.7,0.529,83,0.581
0021200209,Trail Blazers,96.5,101.2,-4.7,0.437,85,0.419
0021200210,Spurs,115.8,93.7,22.1,0.607,95,0.653
0021200210,Magic,93.7,115.8,-22.1,0.452,95,0.347
0021200211,Celtics,89.2,103.3,-14.0,0.485,93,0.424
0021200211,Nets,103.3,89.2,14.0,0.501,92,0.576
0021200212,Bobcats,101.1,105.6,-4.5,0.528,90,0.452
0021200212,Hawks,105.6,101.1,4.5,0.487,89,0.548
0021200213,Suns,81.9,124.5,-42.6,0.424,94,0.197
0021200213,Pistons,124.5,81.9,42.6,0.64,94,0.803
0021200214,Mavericks,84.8,111.0,-26.2,0.434,92,0.291
0021200214,Bulls,111.0,84.8,26.2,0.605,91,0.709
0021200215,Knicks,109.7,95.7,14.0,0.607,93,0.543
0021200215,Bucks,95.7,109.7,-14.0,0.542,92,0.457
0021200216,Raptors,91.1,114.4,-23.3,0.485,90,0.251
0021200216,Grizzlies,114.4,91.1,23.3,0.558,90,0.749
0021200217,Jazz,105.5,92.3,13.2,0.602,91,0.664
0021200217,Hornets,92.3,105.5,-13.2,0.511,91,0.336
0021200218,Thunder,126.3,103.2,23.2,0.621,95,0.643
0021200218,Rockets,103.2,126.3,-23.2,0.489,95,0.357
0021200219,Timberwolves,104.4,109.8,-5.4,0.488,91,0.393
0021200219,Clippers,109.8,104.4,5.4,0.546,92,0.607
0021200220,Spurs,104.2,109.4,-5.2,0.552,96,0.443
0021200220,Heat,109.4,104.2,5.2,0.556,96,0.557
0021200221,Warriors,108.2,108.2,-0.1,0.578,98,0.519
0021200221,Nuggets,108.2,108.2,0.1,0.555,97,0.481
0021200222,Raptors,109.8,104.3,5.5,0.557,92,0.492
0021200222,Suns,104.3,109.8,-5.5,0.568,93,0.508
0021200223,76ers,116.9,111.4,5.5,0.575,89,0.513
0021200223,Bobcats,111.4,116.9,-5.5,0.539,88,0.487
0021200224,Magic,101.2,115.3,-14.1,0.498,85,0.433
0021200224,Nets,115.3,101.2,14.1,0.552,85,0.567
0021200225,Trail Blazers,84.8,102.1,-17.3,0.457,92,0.326
0021200225,Celtics,102.1,84.8,17.3,0.587,94,0.674
0021200226,Wizards,97.8,120.0,-22.2,0.499,89,0.367
0021200226,Knicks,120.0,97.8,22.2,0.616,90,0.633
0021200227,Cavaliers,122.8,118.1,4.7,0.597,92,0.5
0021200227,Hawks,118.1,122.8,-4.7,0.603,94,0.5
0021200228,Grizzlies,98.9,84.8,14.1,0.478,91,0.561
0021200228,Pistons,84.8,98.9,-14.1,0.483,92,0.439
0021200229,Jazz,100.0,111.6,-11.6,0.483,94,0.398
0021200229,Thunder,111.6,100.0,11.6,0.592,95,0.602
0021200230,Timberwolves,97.9,87.6,10.3,0.48,97,0.572
0021200230,Bucks,87.6,97.9,-10.3,0.425,97,0.428
0021200231,Kings,104.5,107.8,-3.2,0.535,88,0.457
0021200231,Pacers,107.8,104.5,3.2,0.519,90,0.543
0021200232,Lakers,128.4,107.3,21.1,0.646,95,0.618
0021200232,Nuggets,107.3,128.4,-21.1,0.538,96,0.382
0021200233,Heat,114.6,100.0,14.6,0.591,89,0.605
0021200233,Nets,100.0,114.6,-14.6,0.512,89,0.395
0021200234,Trail Blazers,111.3,111.4,-0.1,0.571,106,0.51
0021200234,Cavaliers,111.4,111.3,0.1,0.538,105,0.49
0021200235,76ers,97.8,103.3,-5.6,0.489,90,0.425
0021200235,Bulls,103.3,97.8,5.6,0.515,90,0.575
0021200236,Thunder,111.1,88.8,22.3,0.578,90,0.661
0021200236,Hornets,88.8,111.1,-22.3,0.444,89,0.339
0021200237,Jazz,117.2,124.0,-6.8,0.587,99,0.451
0021200237,Rockets,124.0,117.2,6.8,0.657,100,0.549
0021200238,Bucks,97.8,94.6,3.2,0.518,93,0.523
0021200238,Celtics,94.6,97.8,-3.2,0.492,93,0.477
0021200239,Spurs,95.2,90.5,4.7,0.497,104,0.545
0021200239,Grizzlies,90.5,95.2,-4.7,0.437,105,0.455
0021200240,Pistons,81.9,97.9,-16.0,0.414,94,0.399
0021200240,Mavericks,97.9,81.9,16.0,0.477,94,0.601
0021200241,Kings,89.0,128.9,-39.9,0.483,91,0.299
0021200241,Clippers,128.9,89.0,39.9,0.623,90,0.701
0021200242,Pacers,98.9,112.0,-13.0,0.556,93,0.467
0021200242,Warriors,112.0,98.9,13.0,0.583,92,0.533
0021200243,Suns,110.0,116.5,-6.5,0.56,90,0.443
0021200243,Knicks,116.5,110.0,6.5,0.544,91,0.557
0021200244,Magic,110.8,101.0,9.8,0.596,102,0.595
0021200244,Lakers,101.0,110.8,-9.8,0.499,102,0.405
0021200245,Trail Blazers,112.4,107.7,4.7,0.57,105,0.526
0021200245,Bobcats,107.7,112.4,-4.7,0.573,104,0.474
0021200246,Pistons,100.0,88.8,11.2,0.482,89,0.614
0021200246,Cavaliers,88.8,100.0,-11.2,0.385,89,0.386
0021200247,Hornets,124.4,98.8,25.6,0.587,82,0.648
0021200247,Bucks,98.8,124.4,-25.6,0.47,82,0.352
0021200248,Raptors,110.0,114.1,-4.1,0.583,100,0.464
0021200248,Nuggets,114.1,110.0,4.1,0.544,99,0.536
0021200249,Jazz,114.3,116.7,-2.4,0.645,91,0.525
0021200249,Clippers,116.7,114.3,2.4,0.527,90,0.475
0021200250,Magic,109.7,102.2,7.5,0.515,93,0.549
0021200250,Warriors,102.2,109.7,-7.5,0.529,92,0.451
0021200251,76ers,93.6,111.7,-18.1,0.473,94,0.395
0021200251,Timberwolves,111.7,93.6,18.1,0.621,94,0.605
0021200252,Wizards,110.5,105.2,5.3,0.572,95,0.559
0021200252,Heat,105.2,110.5,-5.3,0.526,96,0.441
0021200253,Thunder,127.2,119.4,7.8,0.723,92,0.594
0021200253,Nets,119.4,127.2,-7.8,0.549,93,0.406
0021200254,Pacers,94.1,88.4,5.7,0.435,85,0.523
0021200254,Bulls,88.4,94.1,-5.7,0.465,86,0.477
0021200255,Suns,100.0,108.0,-8.0,0.534,98,0.442
0021200255,Grizzlies,108.0,100.0,8.0,0.547,100,0.558
0021200256,Lakers,106.1,107.0,-0.9,0.536,99,0.529
0021200256,Rockets,107.0,106.1,0.9,0.467,100,0.471
0021200257,Knicks,112.4,107.7,4.7,0.512,89,0.462
0021200257,Bobcats,107.7,112.4,-4.7,0.547,91,0.538
0021200258,Trail Blazers,103.4,111.2,-7.9,0.519,89,0.432
0021200258,Pacers,111.2,103.4,7.9,0.56,89,0.568
0021200259,Timberwolves,94.9,104.0,-9.1,0.484,99,0.409
0021200259,Celtics,104.0,94.9,9.1,0.581,100,0.591
0021200260,Nuggets,108.3,111.3,-3.0,0.578,96,0.468
0021200260,Hawks,111.3,108.3,3.0,0.522,97,0.532
0021200261,Warriors,113.0,105.4,7.6,0.578,92,0.583
0021200261,Pistons,105.4,113.0,-7.6,0.524,92,0.417
0021200262,Cavaliers,93.4,106.7,-13.3,0.443,91,0.394
0021200262,Bulls,106.7,93.4,13.3,0.566,89,0.606
0021200263,Hornets,96.7,115.7,-19.1,0.468,90,0.371
0021200263,Lakers,115.7,96.7,19.1,0.574,89,0.629
0021200264,Spurs,110.0,98.0,12.0,0.565,100,0.561
0021200264,Bucks,98.0,110.0,-12.0,0.512,101,0.439
0021200265,Jazz,95.6,89.0,6.6,0.489,91,0.565
0021200265,Magic,89.0,95.6,-6.6,0.479,91,0.435
0021200266,Raptors,102.0,109.2,-7.1,0.509,98,0.479
0021200266,Kings,109.2,102.0,7.1,0.552,98,0.521
0021200267,Clippers,107.7,86.5,21.2,0.564,104,0.652
0021200267,Mavericks,86.5,107.7,-21.2,0.487,104,0.348
0021200268,Knicks,119.1,95.8,23.3,0.564,94,0.581
0021200268,Heat,95.8,119.1,-23.3,0.521,96,0.419
0021200269,Suns,100.0,102.1,-2.1,0.49,94,0.486
0021200269,Mavericks,102.1,100.0,2.1,0.548,95,0.514
0021200270,76ers,95.0,91.3,3.7,0.43,100,0.459
0021200270,Celtics,91.3,95.0,-3.7,0.511,103,0.541
0021200271,Pacers,97.8,101.1,-3.3,0.53,91,0.477
0021200271,Nuggets,101.1,97.8,3.3,0.485,91,0.523
0021200272,Warriors,119.8,112.1,7.7,0.577,91,0.546
0021200272,Nets,112.1,119.8,-7.7,0.525,91,0.454
0021200273,Wizards,103.3,111.8,-8.6,0.541,92,0.463
0021200273,Hawks,111.8,103.3,8.6,0.557,93,0.537
0021200274,Pistons,119.5,124.1,-4.6,0.622,87,0.447
0021200274,Bulls,124.1,119.5,4.6,0.592,87,0.553
0021200275,Hornets,100.0,106.7,-6.7,0.554,89,0.454
0021200275,Grizzlies,106.7,100.0,6.7,0.588,90,0.546
0021200276,Timberwolves,93.8,75.3,18.6,0.533,97,0.709
0021200276,Cavaliers,75.3,93.8,-18.6,0.401,97,0.291
0021200277,Bucks,114.9,100.0,14.9,0.5,94,0.592
0021200277,Bobcats,100.0,114.9,-14.9,0.489,93,0.408
0021200278,Spurs,107.5,87.6,19.9,0.615,106,0.676
0021200278,Rockets,87.6,107.5,-19.9,0.467,105,0.324
0021200279,Jazz,131.0,99.0,32.0,0.616,100,0.689
0021200279,Raptors,99.0,131.0,-32.0,0.518,100,0.311
0021200280,Thunder,117.5,112.5,5.0,0.592,97,0.518
0021200280,Lakers,112.5,117.5,-5.0,0.553,96,0.482
0021200281,Kings,91.9,82.8,9.1,0.498,99,0.619
0021200281,Magic,82.8,91.9,-9.1,0.459,99,0.381
0021200282,Suns,104.2,124.5,-20.3,0.57,95,0.412
0021200282,Clippers,124.5,104.2,20.3,0.565,94,0.588
0021200283,Wizards,98.0,101.0,-3.0,0.499,99,0.458
0021200283,Warriors,101.0,98.0,3.0,0.544,100,0.542
0021200284,Spurs,136.1,106.3,29.8,0.683,97,0.653
0021200284,Bobcats,106.3,136.1,-29.8,0.551,96,0.347
0021200285,76ers,96.3,115.0,-18.7,0.459,82,0.389
0021200285,Celtics,115.0,96.3,18.7,0.573,80,0.611
0021200286,Hornets,95.7,115.2,-19.5,0.538,94,0.34
0021200286,Heat,115.2,95.7,19.5,0.666,92,0.66
0021200287,Pistons,122.4,111.5,10.9,0.581,85,0.562
0021200287,Cavaliers,111.5,122.4,-10.9,0.492,87,0.438
0021200288,Knicks,89.5,98.9,-9.5,0.441,95,0.381
0021200288,Bulls,98.9,89.5,9.5,0.541,94,0.619
0021200289,Grizzlies,93.3,103.3,-10.1,0.489,89,0.418
0021200289,Hawks,103.3,93.3,10.1,0.528,90,0.582
0021200290,Rockets,106.9,113.7,-6.9,0.614,102,0.485
0021200290,Mavericks,113.7,106.9,6.9,0.569,102,0.515
0021200291,Kings,107.6,86.0,21.6,0.517,92,0.648
0021200291,Trail Blazers,86.0,107.6,-21.6,0.482,93,0.352
0021200292,Raptors,96.5,118.6,-22.1,0.491,86,0.374
0021200292,Clippers,118.6,96.5,22.1,0.543,86,0.626
0021200293,Bucks,101.0,91.7,9.4,0.576,96,0.564
0021200293,Nets,91.7,101.0,-9.4,0.494,96,0.436
0021200294,Thunder,120.9,108.1,12.8,0.583,86,0.573
0021200294,Pacers,108.1,120.9,-12.8,0.53,86,0.427
0021200295,Knicks,116.7,112.8,3.9,0.548,96,0.48
0021200295,Nuggets,112.8,116.7,-3.9,0.625,94,0.52
0021200296,Suns,95.7,104.3,-8.5,0.524,94,0.396
0021200296,Magic,104.3,95.7,8.5,0.577,94,0.604
0021200297,Jazz,131.5,123.6,7.9,0.617,89,0.542
0021200297,Lakers,123.6,131.5,-7.9,0.592,89,0.458
0021200298,76ers,114.3,105.4,8.9,0.564,91,0.563
0021200298,Pistons,105.4,114.3,-8.9,0.508,92,0.437
0021200299,Warriors,106.1,99.0,7.2,0.552,98,0.584
0021200299,Bobcats,99.0,106.1,-7.2,0.494,97,0.416
0021200300,Heat,111.0,102.2,8.8,0.659,91,0.578
0021200300,Hawks,102.2,111.0,-8.8,0.549,90,0.422
0021200301,Spurs,116.5,111.5,5.0,0.648,115,0.571
0021200301,Rockets,111.5,116.5,-5.0,0.558,113,0.429
0021200302,Kings,100.0,124.0,-24.0,0.527,96,0.362
0021200302,Mavericks,124.0,100.0,24.0,0.618,96,0.638
0021200303,Raptors,82.2,101.1,-18.9,0.444,90,0.385
0021200303,Trail Blazers,101.1,82.2,18.9,0.466,91,0.615
0021200304,Knicks,119.0,114.1,4.9,0.582,84,0.479
0021200304,Nets,114.1,119.0,-4.9,0.604,85,0.521
0021200305,Lakers,94.0,102.0,-8.0,0.508,100,0.444
0021200305,Cavaliers,102.0,94.0,8.0,0.524,98,0.556
0021200306,Pistons,98.9,105.2,-6.3,0.497,95,0.431
0021200306,Nuggets,105.2,98.9,6.3,0.532,96,0.569
0021200307,Wizards,82.8,76.1,6.7,0.418,93,0.533
0021200307,Hornets,76.1,82.8,-6.7,0.39,92,0.467
0021200308,Clippers,103.3,96.7,6.6,0.522,91,0.522
0021200308,Bulls,96.7,103.3,-6.6,0.482,92,0.478
0021200309,Raptors,100.0,106.8,-6.8,0.533,88,0.463
0021200309,Nets,106.8,100.0,6.8,0.592,88,0.537
0021200310,Magic,88.9,94.5,-5.6,0.466,90,0.438
0021200310,Hawks,94.5,88.9,5.6,0.494,91,0.562
0021200311,Pacers,105.5,89.0,16.5,0.504,91,0.66
0021200311,Cavaliers,89.0,105.5,-16.5,0.44,91,0.34
0021200312,76ers,97.8,106.7,-8.9,0.464,91,0.404
0021200312,Bulls,106.7,97.8,8.9,0.537,90,0.596
0021200313,Clippers,111.1,104.4,6.7,0.521,90,0.582
0021200313,Bobcats,104.4,111.1,-6.7,0.508,90,0.418
0021200314,Heat,100.0,103.2,-3.2,0.548,95,0.472
0021200314,Warriors,103.2,100.0,3.2,0.55,94,0.528
0021200315,Mavericks,99.1,99.2,0.0,0.578,116,0.49
0021200315,Celtics,99.2,99.1,0.0,0.517,118,0.51
0021200316,Kings,91.4,104.3,-12.9,0.446,93,0.387
0021200316,Bucks,104.3,91.4,12.9,0.46,94,0.613
0021200317,Wizards,93.0,99.0,-6.0,0.475,100,0.469
0021200317,Rockets,99.0,93.0,6.0,0.555,100,0.531
0021200318,Thunder,105.7,100.0,5.7,0.541,87,0.569
0021200318,Hornets,100.0,105.7,-5.7,0.489,88,0.431
0021200319,Timberwolves,108.0,105.0,3.0,0.523,100,0.542
0021200319,Nuggets,105.0,108.0,-3.0,0.561,100,0.458
0021200320,Suns,97.6,94.1,3.5,0.437,84,0.487
0021200320,Grizzlies,94.1,97.6,-3.5,0.511,85,0.513
0021200321,Jazz,105.3,102.1,3.2,0.546,94,0.517
0021200321,Spurs,102.1,105.3,-3.2,0.506,94,0.483
0021200322,Bobcats,100.0,122.8,-22.8,0.513,90,0.353
0021200322,Hawks,122.8,100.0,22.8,0.664,92,0.647
0021200323,Knicks,123.4,113.8,9.6,0.629,94,0.591
0021200323,Lakers,113.8,123.4,-9.6,0.553,94,0.409
0021200324,Spurs,93.8,101.0,-7.3,0.542,96,0.492
0021200324,Trail Blazers,101.0,93.8,7.3,0.525,97,0.508
0021200325,Raptors,109.2,84.1,25.1,0.507,87,0.611
0021200325,Mavericks,84.1,109.2,-25.1,0.468,88,0.389
0021200326,Wizards,101.1,106.3,-5.2,0.523,95,0.452
0021200326,Lakers,106.3,101.1,5.2,0.541,96,0.548
0021200327,76ers,94.4,104.4,-10.0,0.483,90,0.451
0021200327,Pacers,104.4,94.4,10.0,0.534,91,0.549
0021200328,Pistons,106.1,105.9,0.1,0.475,99,0.473
0021200328,Nets,105.9,106.1,-0.1,0.535,101,0.527
0021200329,Bucks,92.8,89.6,3.2,0.474,97,0.553
0021200329,Cavaliers,89.6,92.8,-3.2,0.493,96,0.447
0021200330,Magic,106.5,91.4,15.1,0.545,93,0.622
0021200330,Warriors,91.4,106.5,-15.1,0.439,93,0.378
0021200331,Hornets,115.9,128.4,-12.5,0.619,88,0.45
0021200331,Timberwolves,128.4,115.9,12.5,0.592,88,0.55
0021200332,Rockets,104.1,91.8,12.4,0.586,97,0.549
0021200332,Celtics,91.8,104.1,-12.4,0.481,97,0.451
0021200333,Kings,109.6,121.5,-11.9,0.581,94,0.437
0021200333,Thunder,121.5,109.6,11.9,0.61,93,0.563
0021200334,Jazz,92.3,108.8,-16.5,0.46,91,0.424
0021200334,Suns,108.8,92.3,16.5,0.534,91,0.576
0021200335,Grizzlies,103.3,110.0,-6.7,0.478,91,0.416
0021200335,Nuggets,110.0,103.3,6.7,0.615,90,0.584
0021200336,Magic,116.3,106.5,9.8,0.612,92,0.564
0021200336,Bobcats,106.5,116.3,-9.8,0.54,92,0.436
0021200337,Warriors,113.9,93.0,20.9,0.561,101,0.624
0021200337,Hawks,93.0,113.9,-20.9,0.466,100,0.376
0021200338,Knicks,113.2,112.1,1.1,0.541,91,0.523
0021200338,Cavaliers,112.1,113.2,-1.1,0.57,91,0.477
0021200339,Wizards,79.1,112.1,-33.0,0.458,91,0.298
0021200339,Heat,112.1,79.1,33.0,0.578,91,0.702
0021200340,Pacers,102.3,90.6,11.7,0.557,86,0.613
0021200340,Pistons,90.6,102.3,-11.7,0.43,85,0.387
0021200341,Bulls,96.5,95.3,1.2,0.498,86,0.549
0021200341,Nets,95.3,96.5,-1.2,0.484,86,0.451
0021200342,Timberwolves,108.6,101.9,6.6,0.527,105,0.565
0021200342,Mavericks,101.9,108.6,-6.6,0.558,104,0.435
0021200343,Bucks,92.4,123.3,-30.9,0.452,92,0.278
0021200343,Clippers,123.3,92.4,30.9,0.6,90,0.722
0021200344,Spurs,114.4,98.9,15.6,0.573,90,0.61
0021200344,Celtics,98.9,114.4,-15.6,0.521,89,0.39
0021200345,Jazz,95.6,110.0,-14.4,0.509,90,0.428
0021200345,Grizzlies,110.0,95.6,14.4,0.518,90,0.572
0021200346,Raptors,109.6,101.1,8.5,0.549,94,0.592
0021200346,Rockets,101.1,109.6,-8.5,0.521,95,0.408
0021200347,76ers,105.4,120.7,-15.3,0.558,93,0.415
0021200347,Lakers,120.7,105.4,15.3,0.613,92,0.585
0021200348,Kings,104.3,131.2,-26.9,0.458,93,0.316
0021200348,Nuggets,131.2,104.3,26.9,0.624,93,0.684
0021200349,Trail Blazers,115.9,116.0,-0.2,0.557,82,0.548
0021200349,Hornets,116.0,115.9,0.2,0.543,81,0.452
0021200350,Magic,104.1,96.9,7.2,0.596,98,0.606
0021200350,Timberwolves,96.9,104.1,-7.2,0.459,96,0.394
0021200351,Knicks,96.0,107.9,-11.9,0.495,100,0.386
0021200351,Rockets,107.9,96.0,11.9,0.615,101,0.614
0021200352,Clippers,102.3,88.4,14.0,0.515,86,0.644
0021200352,Pistons,88.4,102.3,-14.0,0.479,86,0.356
0021200353,Grizzlies,88.9,79.8,9.1,0.453,90,0.586
0021200353,Bulls,79.8,88.9,-9.1,0.424,89,0.414
0021200354,Spurs,97.9,110.3,-12.4,0.527,95,0.427
0021200354,Thunder,110.3,97.9,12.4,0.545,97,0.573
0021200355,Kings,97.8,107.4,-9.6,0.481,92,0.389
0021200355,Suns,107.4,97.8,9.6,0.551,94,0.611
0021200356,Wizards,93.1,98.0,-4.9,0.454,102,0.463
0021200356,Hawks,98.0,93.1,4.9,0.538,102,0.537
0021200357,Raptors,129.9,115.1,14.8,0.65,87,0.588
0021200357,Cavaliers,115.1,129.9,-14.8,0.595,86,0.412
0021200358,Jazz,105.7,103.4,2.3,0.511,87,0.534
0021200358,Nets,103.4,105.7,-2.3,0.519,87,0.466
0021200359,Timberwolves,102.2,114.4,-12.2,0.487,90,0.404
0021200359,Heat,114.4,102.2,12.2,0.591,90,0.596
0021200360,Bulls,116.3,103.5,12.8,0.591,86,0.614
0021200360,Celtics,103.5,116.3,-12.8,0.498,86,0.386
0021200361,Bucks,100.0,96.9,3.1,0.503,98,0.502
0021200361,Pacers,96.9,100.0,-3.1,0.49,96,0.498
0021200362,76ers,109.9,117.6,-7.7,0.54,91,0.416
0021200362,Mavericks,117.6,109.9,7.7,0.631,91,0.584
0021200363,Spurs,99.1,103.7,-4.6,0.515,107,0.459
0021200363,Nuggets,103.7,99.1,4.6,0.531,108,0.541
0021200364,Lakers,109.8,106.4,3.4,0.506,92,0.526
0021200364,Bobcats,106.4,109.8,-3.4,0.478,94,0.474
0021200365,Hornets,105.5,113.2,-7.7,0.582,91,0.463
0021200365,Warriors,113.2,105.5,7.7,0.554,91,0.537
0021200366,Raptors,124.4,115.2,9.2,0.594,78,0.627
0021200366,Pistons,115.2,124.4,-9.2,0.468,79,0.373
0021200367,Knicks,117.6,102.4,15.3,0.553,85,0.588
0021200367,Nets,102.4,117.6,-15.3,0.525,84,0.413
0021200368,Wizards,92.2,98.9,-6.7,0.515,90,0.423
0021200368,Magic,98.9,92.2,6.7,0.509,91,0.577
0021200369,Jazz,87.5,108.3,-20.8,0.433,96,0.361
0021200369,Pacers,108.3,87.5,20.8,0.591,96,0.639
0021200370,Cavaliers,107.1,118.4,-11.3,0.468,85,0.343
0021200370,Celtics,118.4,107.1,11.3,0.697,87,0.657
0021200371,Thunder,106.4,97.9,8.5,0.539,94,0.585
0021200371,Hawks,97.9,106.4,-8.5,0.453,94,0.415
0021200372,76ers,110.8,131.6,-20.8,0.517,93,0.371
0021200372,Rockets,131.6,110.8,20.8,0.688,95,0.629
0021200373,Suns,130.1,113.0,17.1,0.673,93,0.574
0021200373,Bobcats,113.0,130.1,-17.1,0.543,92,0.426
0021200374,Bucks,83.3,94.7,-11.4,0.428,96,0.347
0021200374,Grizzlies,94.7,83.3,11.4,0.467,95,0.653
0021200375,Kings,128.4,123.3,5.1,0.627,102,0.545
0021200375,Warriors,123.3,128.4,-5.1,0.617,103,0.455
0021200376,Hornets,89.5,109.4,-19.9,0.455,86,0.318
0021200376,Clippers,109.4,89.5,19.9,0.565,85,0.682
0021200377,Thunder,98.9,104.2,-5.3,0.498,94,0.44
0021200377,Timberwolves,104.2,98.9,5.3,0.526,95,0.56
0021200378,Heat,111.1,97.9,13.2,0.64,99,0.615
0021200378,Mavericks,97.9,111.1,-13.2,0.451,97,0.385
0021200379,Trail Blazers,101.0,92.1,8.9,0.488,100,0.522
0021200379,Nuggets,92.1,101.0,-8.9,0.428,101,0.478
0021200380,Raptors,102.2,98.9,3.3,0.515,91,0.471
0021200380,Magic,98.9,102.2,-3.3,0.574,91,0.529
0021200381,76ers,112.5,93.0,19.5,0.556,88,0.662
0021200381,Hawks,93.0,112.5,-19.5,0.475,86,0.338
0021200382,Bucks,94.3,89.5,4.8,0.501,105,0.518
0021200382,Celtics,89.5,94.3,-4.8,0.457,105,0.482
0021200383,Knicks,108.2,112.2,-4.1,0.52,98,0.451
0021200383,Bulls,112.2,108.2,4.1,0.564,98,0.549
0021200384,Wizards,75.6,111.1,-35.6,0.375,90,0.274
0021200384,Pistons,111.1,75.6,35.6,0.504,90,0.726
0021200385,Pacers,103.1,92.7,10.4,0.544,96,0.604
0021200385,Cavaliers,92.7,103.1,-10.4,0.487,96,0.396
0021200386,Grizzlies,98.9,89.1,9.8,0.47,93,0.588
0021200386,Mavericks,89.1,98.9,-9.8,0.491,92,0.412
0021200387,Spurs,105.3,98.9,6.4,0.575,94,0.581
0021200387,Hornets,98.9,105.3,-6.4,0.505,95,0.419
0021200388,Kings,91.4,104.3,-12.9,0.494,93,0.354
0021200388,Clippers,104.3,91.4,12.9,0.497,93,0.646
0021200389,Warriors,126.4,109.9,16.5,0.625,91,0.623
0021200389,Bobcats,109.9,126.4,-16.5,0.474,91,0.377
0021200390,Wizards,92.6,100.0,-7.4,0.478,94,0.474
0021200390,Pistons,100.0,92.6,7.4,0.496,96,0.526
0021200391,Bulls,86.2,105.7,-19.5,0.472,87,0.374
0021200391,Hawks,105.7,86.2,19.5,0.565,87,0.626
0021200392,Jazz,95.7,111.7,-16.0,0.527,93,0.385
0021200392,Heat,111.7,95.7,16.0,0.635,94,0.615
0021200393,Hornets,92.6,100.0,-7.4,0.441,81,0.47
0021200393,Pacers,100.0,92.6,7.4,0.477,81,0.53
0021200394,Grizzlies,98.0,122.2,-24.3,0.564,98,0.392
0021200394,Rockets,122.2,98.0,24.3,0.647,99,0.608
0021200395,Bucks,88.2,100.0,-11.8,0.46,93,0.462
0021200395,Cavaliers,100.0,88.2,11.8,0.495,94,0.538
0021200396,Nuggets,114.6,91.7,22.9,0.558,96,0.632
0021200396,Bobcats,91.7,114.6,-22.9,0.439,96,0.368
0021200397,Trail Blazers,103.2,100.0,3.2,0.59,93,0.535
0021200397,Suns,100.0,103.2,-3.2,0.496,93,0.465
0021200398,Lakers,103.5,101.8,1.7,0.521,114,0.515
0021200398,Warriors,101.8,103.5,-1.7,0.525,113,0.485
0021200399,76ers,104.5,109.2,-4.6,0.498,88,0.457
0021200399,Nets,109.2,104.5,4.6,0.545,87,0.543
0021200400,Knicks,98.9,96.8,2.1,0.557,95,0.54
0021200400,Timberwolves,96.8,98.9,-2.1,0.495,94,0.46
0021200401,Jazz,109.0,102.2,6.8,0.516,89,0.488
0021200401,Magic,102.2,109.0,-6.8,0.563,91,0.512
0021200402,Spurs,127.7,89.2,38.5,0.698,101,0.667
0021200402,Mavericks,89.2,127.7,-38.5,0.524,102,0.333
0021200403,Suns,81.1,108.4,-27.4,0.425,95,0.3
0021200403,Clippers,108.4,81.1,27.4,0.615,95,0.7
0021200404,Kings,113.7,102.1,11.6,0.629,95,0.577
0021200404,Trail Blazers,102.1,113.7,-11.6,0.519,94,0.423
0021200405,Celtics,108.1,89.4,18.7,0.562,86,0.705
0021200405,Nets,89.4,108.1,-18.7,0.495,85,0.295
0021200406,Knicks,103.3,109.9,-6.6,0.489,91,0.428
0021200406,Lakers,109.9,103.3,6.6,0.552,91,0.572
0021200407,Thunder,105.4,110.8,-5.3,0.553,92,0.448
0021200407,Heat,110.8,105.4,5.3,0.583,93,0.552
0021200408,Rockets,126.3,103.2,23.1,0.648,95,0.627
0021200408,Bulls,103.2,126.3,-23.1,0.528,94,0.373
0021200409,Clippers,112.0,100.0,12.0,0.552,100,0.522
0021200409,Nuggets,100.0,112.0,-12.0,0.552,100,0.478
0021200410,Wizards,93.3,98.9,-5.5,0.511,90,0.527
0021200410,Cavaliers,98.9,93.3,5.5,0.472,88,0.473
0021200411,Heat,111.7,97.9,13.8,0.571,94,0.582
0021200411,Bobcats,97.9,111.7,-13.8,0.509,94,0.418
0021200412,Magic,111.9,114.1,-2.2,0.555,84,0.476
0021200412,Hornets,114.1,111.9,2.2,0.572,85,0.524
0021200413,Pacers,119.4,109.8,9.6,0.624,93,0.602
0021200413,Bulls,109.8,119.4,-9.6,0.517,92,0.398
0021200414,Pistons,105.3,111.5,-6.2,0.515,113,0.412
0021200414,Hawks,111.5,105.3,6.2,0.564,113,0.588
0021200415,Bucks,114.9,97.9,17.0,0.585,94,0.612
0021200415,Nets,97.9,114.9,-17.0,0.472,95,0.388
0021200416,76ers,110.0,101.1,8.9,0.61,90,0.607
0021200416,Grizzlies,101.1,110.0,-8.9,0.457,88,0.393
0021200417,Timberwolves,86.6,90.6,-4.0,0.459,97,0.519
0021200417,Rockets,90.6,86.6,4.0,0.497,96,0.481
0021200418,Raptors,88.9,111.1,-22.2,0.48,90,0.373
0021200418,Spurs,111.1,88.9,22.2,0.597,90,0.627
0021200419,Lakers,120.0,132.6,-12.6,0.593,95,0.44
0021200419,Nuggets,132.6,120.0,12.6,0.583,95,0.56
0021200420,Jazz,91.2,101.1,-9.9,0.448,91,0.391
0021200420,Warriors,101.1,91.2,9.9,0.518,93,0.609
0021200421,Suns,103.2,104.2,-1.0,0.539,94,0.504
0021200421,Knicks,104.2,103.2,1.0,0.526,95,0.496
0021200422,Kings,98.9,117.2,-18.3,0.489,92,0.405
0021200422,Trail Blazers,117.2,98.9,18.3,0.569,93,0.595
0021200423,Thunder,111.0,102.9,8.1,0.527,100,0.539
0021200423,Mavericks,102.9,111.0,-8.1,0.515,102,0.461
0021200424,Clippers,115.2,84.6,30.6,0.555,92,0.67
0021200424,Celtics,84.6,115.2,-30.6,0.49,91,0.33
0021200425,Wizards,109.4,101.0,8.3,0.55,96,0.551
0021200425,Magic,101.0,109.4,-8.3,0.534,96,0.449
0021200426,Suns,101.1,107.8,-6.7,0.511,90,0.464
0021200426,Pacers,107.8,101.1,6.7,0.54,90,0.536
0021200427,Bobcats,93.1,112.8,-19.7,0.465,87,0.329
0021200427,Nets,112.8,93.1,19.7,0.555,86,0.671
0021200428,Heat,113.8,122.5,-8.7,0.589,87,0.447
0021200428,Pistons,122.5,113.8,8.7,0.669,89,0.553
0021200429,Cavaliers,101.1,109.7,-8.6,0.51,93,0.436
0021200429,Hawks,109.7,101.1,8.6,0.6,93,0.564
0021200430,Raptors,107.2,100.0,7.2,0.525,97,0.54
0021200430,Hornets,100.0,107.2,-7.2,0.524,97,0.46
0021200431,Nuggets,106.0,85.9,20.1,0.529,100,0.617
0021200431,Mavericks,85.9,106.0,-20.1,0.437,99,0.383
0021200432,Spurs,116.2,111.5,4.7,0.697,105,0.563
0021200432,Rockets,111.5,116.2,-4.7,0.595,104,0.437
0021200433,Jazz,117.5,120.8,-3.3,0.643,97,0.507
0021200433,Clippers,120.8,117.5,3.3,0.61,96,0.493
0021200434,Kings,117.8,118.0,-0.2,0.567,90,0.507
0021200434,Knicks,118.0,117.8,0.2,0.572,89,0.493
0021200435,Trail Blazers,95.6,113.0,-17.4,0.463,91,0.412
0021200435,Lakers,113.0,95.6,17.4,0.529,92,0.588
0021200436,76ers,89.0,96.0,-7.0,0.458,100,0.484
0021200436,Warriors,96.0,89.0,7.0,0.525,100,0.516
0021200437,Hornets,107.7,105.6,2.1,0.532,91,0.472
0021200437,Bobcats,105.6,107.7,-2.1,0.541,90,0.528
0021200438,Pacers,112.4,122.5,-10.1,0.558,89,0.482
0021200438,Hawks,122.5,112.4,10.1,0.633,89,0.518
0021200439,Raptors,138.2,98.9,39.3,0.674,89,0.654
0021200439,Magic,98.9,138.2,-39.3,0.485,89,0.346
0021200440,Cavaliers,104.2,107.3,-3.1,0.553,96,0.46
0021200440,Nets,107.3,104.2,3.1,0.559,96,0.54
0021200441,Wizards,84.6,94.6,-9.9,0.414,91,0.431
0021200441,Bulls,94.6,84.6,9.9,0.458,92,0.569
0021200442,Grizzlies,97.6,86.7,10.8,0.44,83,0.561
0021200442,Nuggets,86.7,97.6,-10.8,0.474,83,0.439
0021200443,Thunder,111.7,83.9,27.8,0.595,111,0.675
0021200443,Rockets,83.9,111.7,-27.8,0.495,112,0.325
0021200444,Suns,105.9,111.0,-5.1,0.497,101,0.471
0021200444,Timberwolves,111.0,105.9,5.1,0.553,100,0.529
0021200445,Bucks,110.6,91.4,19.2,0.493,94,0.632
0021200445,Heat,91.4,110.6,-19.2,0.491,93,0.368
0021200446,Trail Blazers,102.3,97.7,4.6,0.536,87,0.547
0021200446,76ers,97.7,102.3,-4.6,0.473,87,0.453
0021200447,Warriors,109.8,91.2,18.6,0.631,92,0.64
0021200447,Celtics,91.2,109.8,-18.6,0.436,91,0.36
0021200448,Bucks,104.4,106.7,-2.2,0.556,90,0.477
0021200448,Pistons,106.7,104.4,2.2,0.542,90,0.523
0021200449,Spurs,115.6,88.7,27.0,0.606,96,0.637
0021200449,Mavericks,88.7,115.6,-27.0,0.433,97,0.363
0021200450,Kings,125.5,100.0,25.5,0.634,94,0.627
0021200450,Celtics,100.0,125.5,-25.5,0.509,96,0.373
0021200451,Jazz,100.0,110.3,-10.3,0.505,96,0.434
0021200451,Clippers,110.3,100.0,10.3,0.589,97,0.566
0021200452,Grizzlies,94.3,101.1,-6.8,0.448,88,0.417
0021200452,Pacers,101.1,94.3,6.8,0.546,87,0.583
0021200453,Bulls,84.4,93.8,-9.4,0.397,96,0.418
0021200453,Bobcats,93.8,84.4,9.4,0.525,97,0.582
0021200454,Magic,118.3,119.1,-0.9,0.563,93,0.484
0021200454,Heat,119.1,118.3,0.9,0.558,94,0.516
0021200455,Rockets,121.8,104.0,17.8,0.656,101,0.597
0021200455,Hawks,104.0,121.8,-17.8,0.559,100,0.403
0021200456,Suns,105.5,126.7,-21.2,0.562,91,0.396
0021200456,Thunder,126.7,105.5,21.2,0.584,90,0.604
0021200457,Spurs,118.2,83.0,35.2,0.65,88,0.727
0021200457,Nets,83.0,118.2,-35.2,0.448,88,0.273
0021200458,Wizards,101.1,109.6,-8.5,0.52,93,0.434
0021200458,Mavericks,109.6,101.1,8.5,0.576,94,0.566
0021200459,Trail Blazers,114.1,108.7,5.4,0.59,92,0.542
0021200459,Knicks,108.7,114.1,-5.4,0.529,92,0.458
0021200460,Kings,106.6,112.0,-5.4,0.509,91,0.414
0021200460,Pistons,112.0,106.6,5.4,0.608,92,0.586
0021200461,Hornets,100.0,111.8,-11.8,0.493,86,0.389
0021200461,Hawks,111.8,100.0,11.8,0.549,85,0.611
0021200462,Clippers,87.6,102.2,-14.6,0.43,89,0.376
0021200462,Nuggets,102.2,87.6,14.6,0.504,90,0.624
0021200463,76ers,102.0,99.0,3.0,0.543,101,0.571
0021200463,Lakers,99.0,102.0,-3.0,0.456,100,0.429
0021200464,Raptors,117.2,91.9,25.4,0.604,87,0.66
0021200464,Trail Blazers,91.9,117.2,-25.4,0.513,86,0.34
0021200465,Magic,109.3,114.3,-5.0,0.558,86,0.429
0021200465,Bulls,114.3,109.3,5.0,0.545,84,0.571
0021200466,Kings,105.4,100.0,5.4,0.494,92,0.549
0021200466,Cavaliers,100.0,105.4,-5.4,0.482,94,0.451
0021200467,Wizards,83.5,91.8,-8.2,0.463,97,0.444
0021200467,Pacers,91.8,83.5,8.2,0.491,97,0.556
0021200468,Grizzlies,109.4,95.4,14.0,0.576,85,0.581
0021200468,Celtics,95.4,109.4,-14.0,0.532,87,0.419
0021200469,Heat,112.3,103.8,8.5,0.58,106,0.58
0021200469,Mavericks,103.8,112.3,-8.5,0.53,105,0.42
0021200470,Spurs,114.7,107.8,6.9,0.59,102,0.529
0021200470,Bucks,107.8,114.7,-6.9,0.558,102,0.471
0021200471,Hornets,98.9,113.0,-14.1,0.466,93,0.405
0021200471,Rockets,113.0,98.9,14.1,0.558,92,0.595
0021200472,Thunder,101.1,118.3,-17.2,0.578,92,0.393
0021200472,Nets,118.3,101.1,17.2,0.62,93,0.607
0021200473,Jazz,115.2,91.3,23.9,0.556,92,0.644
0021200473,Timberwolves,91.3,115.2,-23.9,0.432,92,0.356
0021200474,Suns,100.0,93.7,6.3,0.506,95,0.555
0021200474,76ers,93.7,100.0,-6.3,0.498,95,0.445
0021200475,Clippers,94.0,115.0,-21.0,0.484,100,0.393
0021200475,Warriors,115.0,94.0,21.0,0.614,100,0.607
0021200476,Spurs,92.2,109.9,-17.7,0.481,90,0.379
0021200476,Knicks,109.9,92.2,17.7,0.562,91,0.621
0021200477,Timberwolves,113.5,106.6,6.9,0.525,89,0.491
0021200477,Nuggets,106.6,113.5,-6.9,0.512,91,0.509
0021200478,Raptors,102.1,112.9,-10.8,0.504,94,0.37
0021200478,Kings,112.9,102.1,10.8,0.589,93,0.63
0021200479,Wizards,100.0,101.8,-1.8,0.54,113,0.503
0021200479,Nets,101.8,100.0,1.8,0.548,113,0.497
0021200480,Cavaliers,106.0,103.0,3.0,0.584,100,0.534
0021200480,Bobcats,103.0,106.0,-3.0,0.551,101,0.466
0021200481,Heat,103.5,111.6,-8.1,0.566,86,0.447
0021200481,Bulls,111.6,103.5,8.1,0.53,86,0.553
0021200482,Pistons,92.4,92.3,0.1,0.451,92,0.529
0021200482,Hawks,92.3,92.4,-0.1,0.501,91,0.471
0021200483,Pacers,78.1,96.9,-18.8,0.385,96,0.333
0021200483,Celtics,96.9,78.1,18.8,0.485,97,0.667
0021200484,Trail Blazers,97.7,95.5,2.3,0.491,88,0.523
0021200484,Grizzlies,95.5,97.7,-2.3,0.472,88,0.477
0021200485,76ers,89.5,114.7,-25.3,0.486,95,0.346
0021200485,Thunder,114.7,89.5,25.3,0.627,95,0.654
0021200486,Bucks,98.1,112.7,-14.7,0.52,103,0.423
0021200486,Rockets,112.7,98.1,14.7,0.629,102,0.577
0021200487,Jazz,94.6,87.0,7.6,0.468,92,0.546
0021200487,Suns,87.0,94.6,-7.6,0.501,92,0.454
0021200488,Lakers,109.7,115.1,-5.4,0.555,93,0.462
0021200488,Clippers,115.1,109.7,5.4,0.575,93,0.538
0021200489,Celtics,101.1,94.2,7.0,0.493,88,0.604
0021200489,Hawks,94.2,101.1,-7.0,0.53,86,0.396
0021200490,Magic,114.0,122.6,-8.6,0.57,93,0.475
0021200490,Knicks,122.6,114.0,8.6,0.584,93,0.525
0021200491,Bucks,88.9,105.6,-16.7,0.445,90,0.43
0021200491,Pacers,105.6,88.9,16.7,0.471,90,0.57
0021200492,Kings,110.7,134.5,-23.8,0.464,84,0.37
0021200492,Nets,134.5,110.7,23.8,0.6,84,0.63
0021200493,Rockets,113.1,106.1,7.0,0.59,99,0.554
0021200493,Cavaliers,106.1,113.1,-7.0,0.503,98,0.446
0021200494,Trail Blazers,112.1,105.4,6.7,0.556,91,0.468
0021200494,Timberwolves,105.4,112.1,-6.7,0.49,92,0.532
0021200495,Hornets,103.1,99.0,4.2,0.532,96,0.528
0021200495,Mavericks,99.0,103.1,-4.2,0.529,97,0.472
0021200496,Spurs,105.8,83.5,22.3,0.573,103,0.616
0021200496,76ers,83.5,105.8,-22.3,0.463,103,0.384
0021200497,Jazz,92.9,113.4,-20.5,0.487,98,0.384
0021200497,Nuggets,113.4,92.9,20.5,0.59,97,0.616
0021200498,Clippers,125.0,97.8,27.2,0.595,92,0.646
0021200498,Warriors,97.8,125.0,-27.2,0.533,91,0.354
0021200499,Raptors,101.1,114.3,-13.2,0.54,91,0.435
0021200499,Thunder,114.3,101.1,13.2,0.594,91,0.565
0021200500,Wizards,84.5,116.5,-31.9,0.407,84,0.321
0021200500,Heat,116.5,84.5,31.9,0.556,85,0.679
0021200501,Pistons,105.2,111.3,-6.1,0.572,96,0.473
0021200501,Bobcats,111.3,105.2,6.1,0.515,97,0.527
0021200502,Suns,92.0,103.4,-11.3,0.466,88,0.358
0021200502,Grizzlies,103.4,92.0,11.3,0.591,89,0.642
0021200503,Lakers,104.0,110.9,-6.9,0.559,101,0.496
0021200503,Nuggets,110.9,104.0,6.9,0.504,101,0.504
0021200504,Wizards,107.4,106.5,1.0,0.532,94,0.474
0021200504,Thunder,106.5,107.4,-1.0,0.531,93,0.526
0021200505,Knicks,112.9,117.2,-4.3,0.549,85,0.423
0021200505,Celtics,117.2,112.9,4.3,0.616,87,0.577
0021200506,Cavaliers,97.9,125.5,-27.7,0.522,94,0.321
0021200506,Bulls,125.5,97.9,27.7,0.637,94,0.679
0021200507,Spurs,96.7,104.4,-7.7,0.538,91,0.425
0021200507,Hornets,104.4,96.7,7.7,0.538,91,0.575
0021200508,Jazz,106.4,101.1,5.3,0.533,94,0.52
0021200508,Mavericks,101.1,106.4,-5.3,0.523,93,0.48
0021200509,Kings,92.0,125.6,-33.5,0.47,88,0.294
0021200509,Grizzlies,125.6,92.0,33.5,0.615,90,0.706
0021200510,Trail Blazers,122.5,117.8,4.7,0.598,102,0.548
0021200510,Magic,117.8,122.5,-4.7,0.59,101,0.452
0021200511,76ers,97.8,121.1,-23.3,0.534,91,0.392
0021200511,Nets,121.1,97.8,23.3,0.588,90,0.608
0021200512,Heat,93.9,104.8,-10.9,0.507,82,0.443
0021200512,Pacers,104.8,93.9,10.9,0.438,83,0.557
0021200513,Suns,105.3,114.9,-9.6,0.488,94,0.432
0021200513,Bucks,114.9,105.3,9.6,0.543,94,0.568
0021200514,Lakers,108.7,122.5,-13.8,0.579,103,0.441
0021200514,Rockets,122.5,108.7,13.8,0.644,102,0.559
0021200515,Timberwolves,116.1,109.6,6.6,0.549,93,0.541
0021200515,Hawks,109.6,116.1,-6.6,0.597,94,0.459
0021200516,Raptors,103.4,81.8,21.6,0.525,87,0.684
0021200516,76ers,81.8,103.4,-21.6,0.437,88,0.316
0021200517,Jazz,119.1,109.7,9.5,0.614,94,0.567
0021200517,Bobcats,109.7,119.1,-9.5,0.522,93,0.433
0021200518,Cavaliers,112.5,94.3,18.2,0.551,88,0.589
0021200518,Hawks,94.3,112.5,-18.2,0.481,88,0.411
0021200519,Suns,88.8,97.8,-9.0,0.43,89,0.38
0021200519,Celtics,97.8,88.8,9.0,0.504,89,0.62
0021200520,Bucks,107.2,99.0,8.2,0.558,97,0.59
0021200520,Bulls,99.0,107.2,-8.2,0.462,97,0.41
0021200521,Hornets,94.6,86.8,7.8,0.483,93,0.636
0021200521,Rockets,86.8,94.6,-7.8,0.489,91,0.364
0021200522,Spurs,108.0,104.0,4.0,0.593,100,0.537
0021200522,Lakers,104.0,108.0,-4.0,0.517,101,0.463
0021200523,Thunder,116.5,92.3,24.2,0.603,91,0.592
0021200523,Timberwolves,92.3,116.5,-24.2,0.509,91,0.408
0021200524,Magic,108.2,111.3,-3.1,0.539,97,0.478
0021200524,Nuggets,111.3,108.2,3.1,0.492,97,0.522
0021200525,Clippers,105.3,98.9,6.4,0.561,94,0.549
0021200525,Mavericks,98.9,105.3,-6.4,0.506,94,0.451
0021200526,Grizzlies,105.6,97.8,7.9,0.495,89,0.547
0021200526,Warriors,97.8,105.6,-7.9,0.545,89,0.453
0021200527,Knicks,89.4,94.2,-4.8,0.401,85,0.39
0021200527,Pacers,94.2,89.4,4.8,0.471,86,0.61
0021200528,Kings,103.7,106.4,-2.7,0.589,108,0.482
0021200528,Mavericks,106.4,103.7,2.7,0.525,110,0.518
0021200529,Trail Blazers,96.8,93.8,3.1,0.494,95,0.492
0021200529,Heat,93.8,96.8,-3.1,0.524,96,0.508
0021200530,Raptors,119.3,94.0,25.3,0.545,83,0.606
0021200530,Bobcats,94.0,119.3,-25.3,0.461,83,0.394
0021200531,Rockets,98.9,112.0,-13.0,0.491,92,0.399
0021200531,Celtics,112.0,98.9,13.0,0.599,92,0.601
0021200532,Suns,89.8,113.8,-24.0,0.459,88,0.305
0021200532,Nets,113.8,89.8,24.0,0.556,87,0.695
0021200533,Jazz,105.6,113.2,-7.6,0.563,90,0.464
0021200533,Hawks,113.2,105.6,7.6,0.627,91,0.536
0021200534,Knicks,108.6,116.1,-7.5,0.504,93,0.38
0021200534,Bulls,116.1,108.6,7.5,0.651,93,0.62
0021200535,Spurs,101.0,106.3,-5.3,0.572,97,0.506
0021200535,Grizzlies,106.3,101.0,5.3,0.536,95,0.494
0021200536,Hornets,114.3,101.1,13.2,0.591,91,0.559
0021200536,Timberwolves,101.1,114.3,-13.2,0.551,91,0.441
0021200537,Bucks,91.6,108.4,-16.8,0.438,95,0.398
0021200537,Pistons,108.4,91.6,16.8,0.51,95,0.602
0021200538,Nuggets,101.0,94.8,6.2,0.512,97,0.6
0021200538,Cavaliers,94.8,101.0,-6.2,0.494,96,0.4
0021200539,Thunder,112.6,98.1,14.6,0.584,103,0.592
0021200539,Lakers,98.1,112.6,-14.6,0.469,103,0.408
0021200540,Trail Blazers,101.0,107.3,-6.3,0.483,96,0.399
0021200540,Warriors,107.3,101.0,6.3,0.548,96,0.601
0021200541,Magic,118.2,114.8,3.4,0.582,88,0.495
0021200541,Clippers,114.8,118.2,-3.4,0.557,88,0.505
0021200542,Wizards,96.9,86.5,10.4,0.512,96,0.55
0021200542,Hawks,86.5,96.9,-10.4,0.466,96,0.45
0021200543,Pacers,106.7,98.9,7.8,0.509,90,0.543
0021200543,Bobcats,98.9,106.7,-7.8,0.517,89,0.457
0021200544,76ers,107.0,100.0,7.0,0.561,100,0.573
0021200544,Rockets,100.0,107.0,-7.0,0.534,100,0.427
0021200545,Jazz,107.1,102.4,4.8,0.57,84,0.512
0021200545,Pistons,102.4,107.1,-4.8,0.586,85,0.488
0021200546,Suns,107.8,90.0,17.8,0.577,90,0.645
0021200546,Bulls,90.0,107.8,-17.8,0.416,90,0.355
0021200547,Grizzlies,95.4,118.2,-22.8,0.435,87,0.366
0021200547,Mavericks,118.2,95.4,22.8,0.583,88,0.634
0021200548,Kings,108.8,139.1,-30.3,0.519,91,0.325
0021200548,Heat,139.1,108.8,30.3,0.707,92,0.675
0021200549,Knicks,107.5,94.6,13.0,0.543,93,0.614
0021200549,Hornets,94.6,107.5,-13.0,0.474,92,0.386
0021200550,Raptors,106.7,118.9,-12.2,0.495,90,0.425
0021200550,Bucks,118.9,106.7,12.2,0.614,90,0.575
0021200551,Pacers,97.7,110.2,-12.5,0.487,88,0.472
0021200551,Nets,110.2,97.7,12.5,0.512,88,0.528
0021200552,Spurs,111.6,92.6,18.9,0.625,95,0.627
0021200552,Timberwolves,92.6,111.6,-18.9,0.444,95,0.373
0021200553,Warriors,107.1,117.2,-10.0,0.607,98,0.44
0021200553,Nuggets,117.2,107.1,10.0,0.569,99,0.56
0021200554,Trail Blazers,91.2,95.6,-4.4,0.442,91,0.417
0021200554,Thunder,95.6,91.2,4.4,0.539,91,0.583
0021200555,Lakers,117.7,97.9,19.8,0.699,96,0.66
0021200555,Cavaliers,97.9,117.7,-19.8,0.464,95,0.34
0021200556,Wizards,126.3,95.8,30.5,0.645,95,0.641
0021200556,Magic,95.8,126.3,-30.5,0.486,95,0.359
0021200557,Bobcats,101.1,113.6,-12.5,0.497,88,0.382
0021200557,Celtics,113.6,101.1,12.5,0.563,88,0.618
0021200558,Bulls,107.8,64.4,43.3,0.519,90,0.86
0021200558,Hawks,64.4,107.8,-43.3,0.336,90,0.14
0021200559,Grizzlies,83.0,111.2,-28.3,0.378,88,0.21
0021200559,Clippers,111.2,83.0,28.3,0.55,89,0.79
0021200560,Timberwolves,107.7,121.5,-13.8,0.501,91,0.373
0021200560,Mavericks,121.5,107.7,13.8,0.672,93,0.627
0021200561,Jazz,120.9,115.5,5.5,0.589,86,0.554
0021200561,Heat,115.5,120.9,-5.5,0.614,84,0.446
0021200562,Suns,96.8,109.7,-12.9,0.49,93,0.419
0021200562,Thunder,109.7,96.8,12.9,0.544,93,0.581
0021200563,Kings,133.3,125.5,7.8,0.629,93,0.56
0021200563,Cavaliers,125.5,133.3,-7.8,0.561,94,0.44
0021200564,76ers,112.5,124.7,-12.2,0.564,88,0.431
0021200564,Hornets,124.7,112.5,12.2,0.61,89,0.569
0021200565,Pacers,113.2,82.6,30.6,0.519,91,0.698
0021200565,Bobcats,82.6,113.2,-30.6,0.446,92,0.302
0021200566,Raptors,117.8,125.6,-7.8,0.575,90,0.447
0021200566,Nets,125.6,117.8,7.8,0.605,90,0.553
0021200567,Clippers,127.2,118.5,8.7,0.654,92,0.543
0021200567,Rockets,118.5,127.2,-8.7,0.586,92,0.457
0021200568,Trail Blazers,108.8,113.9,-5.0,0.566,102,0.491
0021200568,Nuggets,113.9,108.8,5.0,0.536,101,0.509
0021200569,Bucks,94.6,113.0,-18.4,0.42,93,0.351
0021200569,Lakers,113.0,94.6,18.4,0.566,92,0.649
0021200570,Raptors,106.1,109.2,-3.1,0.53,99,0.477
0021200570,Bulls,109.2,106.1,3.1,0.525,98,0.523
0021200571,Magic,106.6,94.5,12.1,0.55,91,0.578
0021200571,Pacers,94.5,106.6,-12.1,0.476,91,0.422
0021200572,Nets,109.2,123.9,-14.7,0.503,87,0.376
0021200572,Hawks,123.9,109.2,14.7,0.638,88,0.624
0021200573,Hornets,100.0,85.7,14.3,0.532,90,0.54
0021200573,Celtics,85.7,100.0,-14.3,0.481,91,0.46
0021200574,Thunder,123.2,102.1,21.1,0.607,95,0.593
0021200574,Nuggets,102.1,123.2,-21.1,0.543,95,0.407
0021200575,Rockets,96.2,101.0,-4.8,0.514,104,0.448
0021200575,Mavericks,101.0,96.2,4.8,0.5,104,0.552
0021200576,Spurs,118.4,94.3,24.1,0.641,87,0.676
0021200576,Grizzlies,94.3,118.4,-24.1,0.504,87,0.324
0021200577,Wizards,98.9,100.0,-1.1,0.517,95,0.528
0021200577,Kings,100.0,98.9,1.1,0.524,95,0.472
0021200578,Trail Blazers,94.6,102.2,-7.6,0.487,93,0.453
0021200578,Cavaliers,102.2,94.6,7.6,0.479,91,0.547
0021200579,Heat,94.8,78.1,16.7,0.47,97,0.625
0021200579,Warriors,78.1,94.8,-16.7,0.427,96,0.375
0021200580,Knicks,112.1,95.6,16.5,0.596,91,0.601
0021200580,Pistons,95.6,112.1,-16.5,0.491,91,0.399
0021200581,Timberwolves,83.7,96.8,-13.1,0.415,92,0.4
0021200581,Clippers,96.8,83.7,13.1,0.517,93,0.6
0021200582,Suns,91.3,94.2,-3.0,0.462,103,0.44
0021200582,Bucks,94.2,91.3,3.0,0.486,104,0.56
0021200583,Heat,106.5,95.7,10.7,0.532,93,0.594
0021200583,Lakers,95.7,106.5,-10.7,0.534,94,0.406
0021200584,Bulls,100.0,98.0,2.0,0.561,100,0.546
0021200584,Celtics,98.0,100.0,-2.0,0.479,101,0.454
0021200585,Raptors,102.0,109.1,-7.1,0.539,99,0.464
0021200585,76ers,109.1,102.0,7.1,0.556,99,0.536
0021200586,Magic,108.7,115.2,-6.5,0.567,92,0.448
0021200586,Bobcats,115.2,108.7,6.5,0.554,92,0.552
0021200587,Pacers,112.9,103.3,9.6,0.556,93,0.558
0021200587,Rockets,103.3,112.9,-9.6,0.528,92,0.442
0021200588,Nets,98.9,94.7,4.3,0.518,95,0.526
0021200588,Hawks,94.7,98.9,-4.3,0.516,94,0.474
0021200589,Kings,78.4,95.5,-17.1,0.377,88,0.282
0021200589,Grizzlies,95.5,78.4,17.1,0.49,89,0.718
0021200590,Spurs,103.3,97.8,5.5,0.535,92,0.551
0021200590,Warriors,97.8,103.3,-5.5,0.488,90,0.449
0021200591,Wizards,110.9,109.1,1.8,0.607,101,0.567
0021200591,Nuggets,109.1,110.9,-1.8,0.553,99,0.433
0021200592,Thunder,108.3,105.6,2.8,0.528,108,0.464
0021200592,Mavericks,105.6,108.3,-2.8,0.547,108,0.536
0021200593,Kings,105.4,98.9,6.5,0.537,92,0.514
0021200593,Bobcats,98.9,105.4,-6.5,0.524,94,0.486
0021200594,Spurs,103.2,97.9,5.3,0.539,95,0.56
0021200594,Hawks,97.9,103.2,-5.3,0.491,95,0.44
0021200595,Grizzlies,92.4,88.2,4.2,0.441,92,0.482
0021200595,Bulls,88.2,92.4,-4.2,0.435,93,0.518
0021200596,Hornets,117.9,122.1,-4.2,0.628,95,0.495
0021200596,Warriors,122.1,117.9,4.2,0.628,95,0.505
0021200597,Timberwolves,105.7,91.9,13.9,0.576,87,0.732
0021200597,Rockets,91.9,105.7,-13.9,0.437,86,0.268
0021200598,Jazz,119.8,107.7,12.1,0.559,91,0.583
0021200598,Cavaliers,107.7,119.8,-12.1,0.509,91,0.417
0021200599,Trail Blazers,100.0,106.8,-6.8,0.547,104,0.455
0021200599,Bucks,106.8,100.0,6.8,0.539,103,0.545
0021200600,Wizards,94.6,101.1,-6.5,0.489,92,0.453
0021200600,Clippers,101.1,94.6,6.5,0.441,93,0.547
